ab,andreas koefoed
ab,iván fund
ab-domination,daddy zeus
ab-normal beauty,oxide chun pang
ab 1,paul ruven
ab 10,paul ruven
ab 2,paul ruven
ab 3,paul ruven
ab 4,paul ruven
ab 5,paul ruven
ab 6,paul ruven
ab 7,paul ruven
ab 8,paul ruven
ab 9,paul ruven
ab alio,iñigo royo
ab fab,james burrows
ab heute erwachsen,gunther scholz
ab in den norden,wilfried dotzel
ab in die berge,ingo rasper
ab in die ferien,monika zinnenberg
ab ins internat,georg tressler
ab irato,hervé lièvre
ab jetzt wird alles anders,oliver dommenget
ab ke baras,raj kanwar
ab kya hoga,saawan kumar tak
ab mitternacht,carl hoffmann
ab morgen,stefan elsenbruch
ab morgen haben wir humor,harald vock
ab nach kassel,wilhelm engelhardt
ab nach rio - die guggenheim akte,jens huckeriede
ab ovo - eto znachit ot yaytsa,lidiya surikova
ab ovo - eto znachit ot yaytsa,mariya muat
ab tumhare hawale watan saathiyo,anil sharma
ab urbe condita,jan lomnicki
ab zu den fischen,oliver mielke
ab. dun och bolster,hans bergström
aba-saba,maor zaguri
abacaxi azul,wallace downey
abacaxi azul,ruy costa
abacus,justin lin
abacus and sword,yoshimitsu morita
abacus: small enough to jail,steve james
abacus: small enough to jail,steve james
abad veer,dhirubhai desai
abadan,mani haghighi
abadan lam nofarekoh,ahmed rashwan
abaddham,k. balachander
abaddon,michael j. sarna
abaddon,blake fitzpatrick
abai,ardak amirkulov
abaj a zabaj,eugen sokolovský
abajo la careta,eugene py
abajo los hombres,josé maría castellví
abajura,fady gamal atallah
abakada... ina,eddie garcia
abakareta gacchaman,kôichi mashimo
abakareta gacchaman,mizuho nishikubo
abakareta gacchaman,yûji nunokawa
abalon,les sheldon
abalone industry,henry lehrman
abana,arjun hingorani
abana,dharam kumar
abandando abandoned,gregory hoblit
abandon,stephen gaghan
abandon,peter d. gelles
abandon,florent-emilio siri
abandon,p.w. wade
abandon all hope,fulvio sestito
abandon all hope,simon g. mueller
abandon hope (the fall of the neosapien empire 5),graham morris
abandon ship,sarah ruttinger
abandona el hotel,patricia reyes spíndola
abandonada,herval rossano abreu
abandonada,peque gallaga
abandonado,francisco franco alba
abandonded: the incredible historic american ice company building in baltimore md,dan bell
abandoned,russell hayden
abandoned,sergey a.
abandoned,adam davidson
abandoned,ümmü burhan
abandoned,michael feifer
abandoned,joseph m. newman
abandoned,leonard d. sales
abandoned,ryan casselman
abandoned,jerry ciccoritti
abandoned,ivan lachance
abandoned,francesco maselli
abandoned,chano urueta
abandoned (into the heart of darkness 1),graham morris
abandoned 1921 high school and gymnasium: cairo wv,dan bell
abandoned 2,viktor murzikov
abandoned and deceived,joseph dougherty
abandoned cat little tora,kenzô masaoka
abandoned claustrophobic nj electrical control complex,dan bell
abandoned desert military base,dan bell
abandoned drive-in: keysville va,dan bell
abandoned family,john pasquin
abandoned forge,aglauco casadio
abandoned frederick towne mall,dan bell
abandoned general store and dead motel - salem florida,dan bell
abandoned glenn dale tuberculosis hospital,dan bell
abandoned god,kôtarô tamura
abandoned haunted house and firetruck: oak grove va,dan bell
abandoned hillbilly house: nc,dan bell
abandoned hillbilly shacks: blue ridge mountains va,dan bell
abandoned house,marco romano
abandoned house,james herbert
abandoned house: route 40 arkansas,dan bell
abandoned in space,joseph winter
abandoned in the arctic,gino del guercio
abandoned in the dark,mike lordi
abandoned in the poconos: unity house resort,dan bell
abandoned marketplace mall: bowie maryland,dan bell
abandoned military base in the middle of nowhere at night,dan bell
abandoned mine,jack herzberg
abandoned mineral spring resort: great basin national park,dan bell
abandoned mini-mart service station: route 70 missouri,dan bell
abandoned mobile home deep in the carolina foothills,dan bell
abandoned mobile homes: route 70 missouri,dan bell
abandoned mountainside chalet,dan bell
abandoned murder motel with creepy roller rink,dan bell
abandoned penn hills: legendary 70s swingers resort in the poconos,dan bell
abandoned psychiatric campus,dan bell
abandoned ranger station deep in the arkansas ozarks,dan bell
abandoned st. petersburg pier,dan bell
abandoned vintage mobile home: montross va,dan bell
abandoned vintage motel: hillsborough nc,dan bell
abandoned ww1 fortresses,ryan socash
abandoned: 1920s religious school in baltimore,dan bell
abandoned: enormous untouched 19th century religious school,dan bell
abandonen las tierras,miguel córcega
abandonment issues,salim akil
abandonos,cininha de paula
abandonos,alejandro gerber bicecci
abang,chia xuen low
abang long fadil,syafiq yusof
abang long fadil 2,syafiq yusof
abanidaro,funso adeolu
abanindranath,purnendu pattrea
abar bonobashe rupban,ibne mizan
abar byomkesh,anjan dutt
abar tora manush ho,khan ataur rahman
abare andon,kunio watanabe
abare kaido,shigehiro ozawa
abartan,satu sen
abartan,bhabendra nath saikia
abartig,wolfgang frank
abaruray-abarinding,rosa mia
abashed and amused,sean brosnan
abasheshe,mrinal sen
abasheshe,dinen gupta
abashiri bangaichi,akinori matsuo
abashiri bangaichi: dai setsugen no taiketsu,teruo ishii
abashiri bangaichi: hokkai hen,teruo ishii
abashiri bangaichi: koya no taiketsu,teruo ishii
abashiri bangaichi: nangoku no taiketsu,teruo ishii
abashiri prison,teruo ishii
abashokobezi,dirk de villiers
abastecimiento,raúl ruiz
abatidos,dorian sanz
abatjour 1,lorenzo onorati
abatjour 2,lorenzo onorati
abattoir,darren lynn bousman
abavu za rimu,shin itagaki
abavu za rimu,shôji kawamori
abazure,mamoru watanabe
abazure no kairaku,satoru kobayashi
abba,gareth carrivick
abba,hannes rossacher
abba,rudi dolezal
abba bobby curtola sherri williams. little richard,mark warren
abba ganuv,jacob goldwasser
abba ganuv ii,avi cohen
abba ganuv iii,ayelet menahemi
abba the carpenters,ewald burike
abba the movie,dave warwick
abba: the definitive collection,kjell sundvall
abba: the definitive collection,lasse hallström
abba: the movie,lasse hallström
abbaigaru,e.v.v. satyanarayana
abbajan,anjan choudhury
abbalett,birgit cullberg
abbandono,mario mattoli
abbandono,werner nekes
abbas kiarostami: a report,bahman maghsoudlou
abbas yolcu,semih evin
abbase and jafar barmaki,amir shervan
abbase sultan,turgut demirag
abbasso gli uomini,marco mattolini
abbe lane,franklin heller
abbe lane,norman sedawie
abbey,colin gregg
abbey house museum leeds,karl beattie
abbey of thelema,vincent jennings
abbi cura di te,lorenzo corvino
abbi fede,giorgio pasotti
abbiamo vinto noi,giovanni piperno
abbie down east,ellen-alinda verhoeff
abbilder,wolfgang f. henschel
abbitte,karsten wichniarz
abbot of shaolin,meng-hua ho
abbott and costello go to mars,charles lamont
abbott and costello in the foreign legion,charles lamont
abbott and costello meet captain kidd,charles lamont
abbott and costello meet dr. jekyll and mr. hyde,charles lamont
abbott and costello meet frankenstein,charles barton
abbott and costello meet frankenstein,cameron mccasland
abbott and costello meet the keystone kops,charles lamont
abbott and costello meet the mummy,charles lamont
abbraccialo per me,vittorio sindoni
abbronzatissimi,bruno gaburro
abbronzatissimi 2 - un anno dopo,bruno gaburro
abbruch,joe duebell
abby,william girdler
abby,david hollander
abby,dash mihok
abby and sir chief take maya out for lunch,jeffrey jeturian
abby and zoe love karate,benjamin lehmann
abby cadabby comes to sesame street,emily squires
abby dalton pat harrington linda kaye henning alex karras,bill carruthers
abby dalton ron glass robert morse bernadette peters,bill carruthers
abby decides to let go of her remaining pet bird sir chief,jeffrey jeturian
abby got served,guido verweyen
abby hankins and the lionheads,kimberly quigley
abby i hardly knew ya,linda lee tracey
abby in wonderland,kevin clash
abby julia and the seven pet cows,arthur hiller
abby martin: little miss gullible,alexander baron
abby normal,ryan landels
abby normal,jonathan kaplan
abby singer,ryan r. williams
abby starts hearing her classmates talk about her family,jeffrey jeturian
abby starts to talk,jeffrey jeturian
abby starts to talk and richard thanks maya for it,jeffrey jeturian
abby: 01-96,jon garcia
abc,thomas jahn
abc,madli lääne
abc,ingemar leijonborg