cbs all-american thanksgiving day parade,mike gargiulo
cbs all-american thanksgiving day parade,mike gargiulo
cbs all-american thanksgiving day parade,mike gargiulo
cbs all-american thanksgiving day parade,mike gargiulo
cbs all american thanksgiving day parade,mike gargiulo
cbs all american thanksgiving day parade,mike gargiulo
cbs all american thanksgiving day parade,mike gargiulo
cbs at 75,louis j. horvitz
cbs fall preview,pamela fryman
cbs galaxy,dave powers
cbs news: 50 years later civil rights,jerry foley
cbs playhouse: the glass menagerie,michael elliott
cbs reports,rüdiger proske
cbs tournament of roses parade,mike gargiulo
cbs tournament of roses parade,mike gargiulo
cbs tournament of roses parade,mike gargiulo
cbs tournament of roses parade,mike gargiulo
cbs tournament of roses parade and pageant,mike gargiulo
cbs: the first 50 years,andrew solt
